{"IcoMoonType":"selection","icons":[{"icon":{"paths":["M64 192h896v192h-896zM64 448h896v192h-896zM64 704h896v192h-896z"],"attrs":[],"isMulticolor":false,"isMulticolor2":false,"tags":["menu","list","options","lines","hamburger"],"defaultCode":59837,"grid":24},"attrs":[],"properties":{"ligatures":"menu, list3","name":"menu","order":6,"id":0,"prevSize":24,"code":59837},"setIdx":0,"setId":2,"iconIdx":0},{"icon":{"paths":["M512 0c-282.77 0-512 229.23-512 512s229.23 512 512 512 512-229.23 512-512-229.23-512-512-512zM512 928c-229.75 0-416-186.25-416-416s186.25-416 416-416 416 186.25 416 416-186.25 416-416 416z","M672 256l-160 160-160-160-96 96 160 160-160 160 96 96 160-160 160 160 96-96-160-160 160-160z"],"attrs":[],"isMulticolor":false,"isMulticolor2":false,"tags":["cancel-circle","close","remove","delete"],"defaultCode":59917,"grid":24},"attrs":[],"properties":{"ligatures":"cancel-circle, close","name":"cancel-circle","order":5,"id":1,"prevSize":24,"code":59917},"setIdx":0,"setId":2,"iconIdx":1}],"height":1024,"metadata":{"name":"icomoon"},"preferences":{"showGlyphs":true,"showQuickUse":true,"showQuickUse2":true,"showSVGs":true,"fontPref":{"prefix":"icon-","metadata":{"fontFamily":"icomoon"},"metrics":{"emSize":1024,"baseline":6.25,"whitespace":50},"embed":false},"imagePref":{"prefix":"icon-","png":true,"useClassSelector":true,"color":0,"bgColor":16777215,"classSelector":".icon"},"historySize":50,"showCodes":true,"gridSize":16}}